{
  "minecraft:recipes/misc/book": {
    "criteria": {
      "has_paper": "2024-11-18 06:12:12 +0000"
    },
    "done": true
  },
  "minecraft:recipes/decorations/crafting_table": {
    "criteria": {
      "unlock_right_away": "2024-11-18 06:12:10 +0000"
    },
    "done": true
  },
  "minecraft:recipes/decorations/cartography_table": {
    "criteria": {
      "has_paper": "2024-11-18 06:12:12 +0000"
    },
    "done": true
  },
  "minecraft:adventure/adventuring_time": {
    "criteria": {
      "minecraft:plains": "2024-11-18 06:12:12 +0000"
    },
    "done": false
  },
  "DataVersion": 3465
}